	start_time	end_time	dayOfWeek	size
0	8.0	9.333333333333334	MW     	13
1	8.0	9.333333333333334	MW     	12
2	8.0	9.333333333333334	TuTh     	14
3	9.5	10.833333333333334	MW     	14
4	9.5	10.833333333333334	MW     	14
5	9.5	10.833333333333334	MW     	13
6	9.5	10.833333333333334	TuTh     	14
7	9.5	10.833333333333334	TuTh     	13
8	11.0	12.333333333333334	MW     	13
9	11.0	12.333333333333334	MW     	14
10	11.0	12.333333333333334	MW     	14
11	12.5	13.833333333333334	TuTh     	13
12	12.5	13.833333333333334	TuTh     	13
13	14.0	15.333333333333334	MW     	14
14	14.0	15.333333333333334	TuTh     	13
15	14.0	15.333333333333334	TuTh     	14
16	15.5	16.833333333333332	MW     	11
17	15.5	16.833333333333332	MW     	14
18	15.5	16.833333333333332	MW     	14
19	14.0	15.333333333333334	MW     	13
20	12.5	13.833333333333334	TuTh     	14
21	9.5	10.833333333333334	MW     	16
22	14.0	15.333333333333334	MW     	17
23	11.0	11.833333333333334	MW     	5
24	14.0	15.333333333333334	TuTh     	48
25	8.0	8.833333333333334	MWF    	20
26	15.5	16.833333333333332	TuTh     	19
27	9.5	10.833333333333334	TuTh     	18
28	12.0	12.833333333333334	M      	36
29	13.0	13.833333333333334	M      	37
30	14.0	14.833333333333334	W      	34
31	15.0	15.833333333333334	W      	33
32	16.0	16.833333333333332	W      	36
33	15.0	15.833333333333334	M      	35
34	10.0	10.833333333333334	M      	40
35	11.0	11.833333333333334	M      	33
36	12.0	12.833333333333334	M      	41
37	13.0	13.833333333333334	M      	32
38	15.0	15.833333333333334	W      	39
39	16.0	16.833333333333332	W      	38
40	18.0	18.833333333333332	W      	39
41	16.0	16.833333333333332	Th      	16
42	12.0	12.833333333333334	M      	18
43	12.0	12.833333333333334	M      	35
44	15.0	15.833333333333334	W      	39
45	9.0	9.833333333333334	F      	35
46	10.0	10.833333333333334	W      	24
47	10.0	12.833333333333334	W      	9
48	16.0	16.833333333333332	MWF    	24
49	13.0	13.833333333333334	MWF    	38
50	10.0	10.833333333333334	MWF    	25
51	12.5	13.833333333333334	TuTh     	81
52	11.0	12.333333333333334	TuTh     	19
53	12.5	13.833333333333334	TuTh     	10
54	9.5	10.833333333333334	W      	24
55	9.0	9.833333333333334	M      	28
56	9.0	9.833333333333334	W      	18
57	9.0	9.833333333333334	F      	14
58	9.0	9.833333333333334	Tu      	25
59	15.0	15.833333333333334	M      	21
60	15.0	15.833333333333334	W      	13
61	13.0	13.833333333333334	F      	13
62	13.0	13.833333333333334	Th      	14
63	14.0	14.833333333333334	M      	21
64	14.0	15.333333333333334	TuTh     	19
65	14.0	15.333333333333334	TuTh     	33
66	15.5	16.833333333333332	TuTh     	18
67	12.0	12.833333333333334	W      	17
68	12.0	12.833333333333334	M      	4
69	9.0	9.833333333333334	M      	26
70	11.0	11.833333333333334	M      	35
71	14.0	17.333333333333332	WF     	29
72	12.5	13.833333333333334	TuTh     	63
73	15.5	16.833333333333332	TuTh     	82
74	13.0	13.833333333333334	W      	130
75	14.0	15.333333333333334	M      	0
76	12.0	12.833333333333334	M      	26
77	13.0	13.833333333333334	M      	28
78	14.0	14.833333333333334	M      	25
79	15.0	15.833333333333334	Tu      	19
80	16.0	16.833333333333332	Tu      	12
81	17.0	17.833333333333332	Tu      	16
82	14.0	14.833333333333334	W      	26
83	15.0	15.833333333333334	W      	22
84	16.0	16.833333333333332	W      	23
85	9.0	9.833333333333334	F      	13
86	10.0	10.833333333333334	F      	26
87	9.0	9.833333333333334	W      	12
88	10.0	10.833333333333334	W      	29
89	10.0	10.833333333333334	F      	13
90	11.0	11.833333333333334	F      	24
91	14.0	14.833333333333334	M      	26
92	15.0	15.833333333333334	M      	31
93	16.0	16.833333333333332	M      	24
94	18.0	18.833333333333332	W      	27
95	19.0	19.833333333333332	W      	23
96	13.0	13.833333333333334	F      	27
97	17.0	17.833333333333332	W      	32
98	18.0	18.833333333333332	W      	30
99	16.0	16.833333333333332	F      	31
100	8.0	8.833333333333334	M      	29
101	9.0	9.833333333333334	M      	29
102	10.0	10.833333333333334	M      	31
103	11.0	11.833333333333334	M      	31
104	20.0	20.833333333333332	W      	31
105	21.0	21.833333333333332	W      	28
106	14.0	14.833333333333334	F      	30
107	15.0	15.833333333333334	F      	30
108	16.0	16.833333333333332	F      	27
109	17.0	17.833333333333332	F      	25
110	17.0	17.833333333333332	Tu      	33
111	18.0	18.833333333333332	Tu      	30
112	9.0	9.833333333333334	M      	30
113	9.0	9.833333333333334	W      	31
114	10.0	10.833333333333334	M      	32
115	8.0	8.833333333333334	W      	28
116	21.0	21.833333333333332	W      	31
117	17.0	17.833333333333332	Tu      	29
118	18.0	18.833333333333332	Tu      	30
119	19.0	19.833333333333332	Tu      	28
120	20.0	20.833333333333332	Tu      	25
121	17.0	17.833333333333332	Th      	28
122	18.0	18.833333333333332	Th      	26
123	19.0	19.833333333333332	Th      	13
124	20.0	20.833333333333332	Th      	14
125	11.0	11.833333333333334	M      	24
126	12.0	12.833333333333334	M      	26
127	18.0	18.833333333333332	W      	28
128	19.0	19.833333333333332	W      	18
129	9.0	9.833333333333334	F      	18
130	10.0	10.833333333333334	F      	26
131	17.0	17.833333333333332	Th      	30
132	18.0	18.833333333333332	Th      	18
133	19.0	19.833333333333332	Th      	29
134	13.0	13.833333333333334	W      	26
135	17.0	17.833333333333332	Tu      	19
136	18.0	18.833333333333332	Tu      	2
137	19.0	19.833333333333332	Tu      	15
138	9.0	9.833333333333334	M      	14
139	14.0	14.833333333333334	W      	14
140	17.0	17.833333333333332	Th      	7
141	12.0	12.833333333333334	W      	22
142	14.0	14.833333333333334	M      	21
143	10.0	11.333333333333334	W      	24
144	16.0	16.833333333333332	M      	29
145	17.0	17.833333333333332	M      	29
146	18.0	18.833333333333332	M      	30
147	19.0	19.833333333333332	M      	30
148	20.0	20.833333333333332	M      	24
149	16.0	16.833333333333332	W      	31
150	17.0	17.833333333333332	W      	29
151	18.0	18.833333333333332	W      	30
152	19.0	19.833333333333332	W      	31
153	14.0	14.833333333333334	F      	30
154	15.0	15.833333333333334	F      	29
155	16.0	16.833333333333332	F      	25
156	13.0	13.833333333333334	M      	30
157	14.0	14.833333333333334	M      	29
158	15.0	15.833333333333334	M      	29
159	16.0	16.833333333333332	M      	29
160	17.0	17.833333333333332	M      	28
161	18.0	18.833333333333332	M      	15
162	19.0	19.833333333333332	M      	8
163	13.0	13.833333333333334	F      	27
164	14.0	14.833333333333334	F      	18
165	15.0	15.833333333333334	F      	13
166	16.0	16.833333333333332	F      	2
167	17.0	17.833333333333332	F      	4
168	16.0	16.833333333333332	M      	31
169	18.0	18.833333333333332	M      	29
170	19.0	19.833333333333332	M      	27
171	16.0	16.833333333333332	Th      	31
172	9.0	9.833333333333334	M      	28
173	14.0	14.833333333333334	F      	30
174	19.0	19.833333333333332	Th      	31
175	20.0	20.833333333333332	Th      	29
176	16.0	16.833333333333332	F      	26
177	17.0	17.833333333333332	F      	9
178	18.0	18.833333333333332	F      	8
179	16.0	16.833333333333332	M      	30
180	17.0	17.833333333333332	M      	31
181	18.0	18.833333333333332	M      	31
182	14.0	14.833333333333334	W      	28
183	16.0	16.833333333333332	W      	30
184	18.0	18.833333333333332	W      	29
185	20.0	20.833333333333332	Tu      	27
186	17.0	17.833333333333332	Tu      	31
187	20.0	20.833333333333332	Tu      	30
188	21.0	21.833333333333332	Tu      	12
189	17.0	17.833333333333332	Th      	31
190	18.0	18.833333333333332	Th      	30
191	19.0	19.833333333333332	Th      	31
192	20.0	20.833333333333332	Th      	30
193	21.0	21.833333333333332	Th      	15
194	16.0	16.833333333333332	M      	31
195	19.0	19.833333333333332	M      	26
196	20.0	20.833333333333332	M      	32
197	13.0	13.833333333333334	F      	30
198	14.0	14.833333333333334	F      	30
199	15.0	15.833333333333334	F      	31
200	12.0	12.833333333333334	W      	30
201	13.0	13.833333333333334	W      	32
202	18.0	18.833333333333332	M      	29
203	9.0	9.833333333333334	W      	31
204	18.0	18.833333333333332	Th      	31
205	8.0	8.833333333333334	F      	29
206	9.0	9.833333333333334	M      	31
207	10.0	10.833333333333334	M      	31
208	11.0	11.833333333333334	M      	31
209	12.0	12.833333333333334	W      	34
210	16.0	16.833333333333332	W      	33
211	12.0	12.833333333333334	F      	34
212	14.0	14.833333333333334	F      	33
213	15.0	15.833333333333334	F      	31
214	14.0	14.833333333333334	W      	24
215	15.0	15.833333333333334	W      	27
216	9.0	9.833333333333334	M      	29
217	10.0	10.833333333333334	M      	26
218	11.0	11.833333333333334	W      	30
219	13.0	13.833333333333334	Tu      	18
220	15.0	16.833333333333332	Tu      	19
221	17.0	17.833333333333332	M      	29
222	13.0	13.833333333333334	W      	31
223	14.0	14.833333333333334	W      	26
224	20.0	20.833333333333332	W      	29
225	10.0	10.833333333333334	F      	28
226	11.0	11.833333333333334	F      	29
227	8.0	8.833333333333334	M      	6
228	9.0	9.833333333333334	M      	5
229	10.0	10.833333333333334	M      	15
230	15.0	15.833333333333334	M      	15
231	18.0	18.833333333333332	M      	17
232	8.0	8.833333333333334	Tu      	11
233	11.0	11.833333333333334	F      	31
234	10.0	10.833333333333334	W      	31
235	9.0	9.833333333333334	W      	30
236	14.0	14.833333333333334	F      	27
237	19.0	19.833333333333332	W      	29
238	20.0	20.833333333333332	W      	16
239	9.0	9.833333333333334	F      	13
240	15.0	15.833333333333334	F      	26
241	16.0	16.833333333333332	F      	12
242	14.0	14.833333333333334	M      	30
243	13.0	13.833333333333334	W      	30
244	16.0	16.833333333333332	M      	31
245	18.0	18.833333333333332	W      	29
246	19.0	19.833333333333332	W      	26
247	11.0	11.833333333333334	F      	30
248	10.0	10.833333333333334	M      	21
249	13.0	13.833333333333334	W      	25
250	16.0	17.333333333333332	Tu      	16
251	10.0	11.333333333333334	M      	33
252	16.0	17.333333333333332	Tu      	34
253	12.0	13.333333333333334	W      	22
254	15.0	16.833333333333332	M      	21
255	14.0	15.833333333333334	W      	26
256	14.0	15.833333333333334	F      	23
257	11.0	12.333333333333334	TuTh     	57
258	14.0	15.333333333333334	TuTh     	53
259	16.0	16.833333333333332	M      	109
260	14.0	14.833333333333334	M      	42
261	17.0	18.833333333333332	TuTh     	26
262	9.5	10.833333333333334	TuTh     	161
263	11.0	11.833333333333334	MWF    	103
264	13.0	13.833333333333334	MWF    	107
265	8.0	8.833333333333334	W      	40
266	10.0	10.833333333333334	W      	38
267	12.0	12.833333333333334	W      	39
268	13.0	13.833333333333334	W      	35
269	17.0	17.833333333333332	W      	38
270	20.0	20.833333333333332	M      	38
271	8.0	8.833333333333334	F      	39
272	10.0	10.833333333333334	F      	38
273	8.0	8.833333333333334	W      	36
274	10.0	10.833333333333334	W      	39
275	11.0	11.833333333333334	W      	38
276	12.0	12.833333333333334	W      	39
277	20.0	20.833333333333332	W      	38
278	12.0	12.833333333333334	M      	39
279	15.0	15.833333333333334	M      	38
280	12.0	12.833333333333334	M      	39
281	14.0	14.833333333333334	M      	38
282	21.0	21.833333333333332	M      	37
283	17.0	17.833333333333332	W      	39
284	14.0	14.833333333333334	F      	38
285	14.0	14.833333333333334	F      	25
286	13.0	13.833333333333334	W      	31
287	14.0	14.833333333333334	W      	32
288	15.0	15.833333333333334	W      	34
289	15.0	15.833333333333334	M      	31
290	16.0	16.833333333333332	M      	32
291	17.0	17.833333333333332	M      	31
292	18.0	18.833333333333332	M      	22
293	19.0	19.833333333333332	M      	23
294	14.0	14.833333333333334	F      	23
295	8.0	8.833333333333334	F      	40
296	9.0	9.833333333333334	F      	39
297	10.0	10.833333333333334	F      	41
298	11.0	11.833333333333334	F      	39
299	17.0	17.833333333333332	F      	34
300	13.0	13.833333333333334	F      	37
301	14.0	14.833333333333334	F      	40
302	15.0	15.833333333333334	F      	40
303	16.0	16.833333333333332	W      	38
304	14.0	14.833333333333334	M      	29
305	15.0	15.833333333333334	M      	38
306	16.0	16.833333333333332	M      	31
307	17.0	17.833333333333332	M      	32
308	18.0	18.833333333333332	M      	33
309	16.0	16.833333333333332	W      	28
310	17.0	17.833333333333332	W      	32
311	18.0	18.833333333333332	W      	31
312	19.0	19.833333333333332	W      	35
313	8.0	8.833333333333334	W      	15
314	9.0	9.833333333333334	W      	19
315	10.0	10.833333333333334	W      	20
316	11.0	11.833333333333334	W      	18
317	12.0	12.833333333333334	W      	13
318	13.0	13.833333333333334	F      	13
319	13.0	13.833333333333334	W      	33
320	14.0	14.833333333333334	W      	29
321	15.0	15.833333333333334	W      	20
322	16.0	16.833333333333332	W      	21
323	17.0	17.833333333333332	W      	21
324	8.0	8.833333333333334	M      	35
325	9.0	9.833333333333334	M      	34
326	10.0	10.833333333333334	M      	38
327	12.0	12.833333333333334	M      	33
328	10.0	10.833333333333334	W      	32
329	11.0	11.833333333333334	W      	33
330	15.0	15.833333333333334	M      	32
331	16.0	16.833333333333332	M      	38
332	17.0	17.833333333333332	M      	35
333	18.0	18.833333333333332	M      	37
334	19.0	19.833333333333332	M      	38
335	13.0	13.833333333333334	F      	34
336	14.0	14.833333333333334	F      	35
337	15.0	15.833333333333334	F      	33
338	12.0	12.833333333333334	M      	31
339	13.0	13.833333333333334	M      	31
340	14.0	14.833333333333334	M      	25
341	15.0	15.833333333333334	M      	14
342	16.0	16.833333333333332	M      	18
343	17.0	17.833333333333332	M      	33
344	18.0	18.833333333333332	M      	37
345	19.0	19.833333333333332	M      	33
346	20.0	20.833333333333332	M      	35
347	21.0	21.833333333333332	M      	31
348	14.0	14.833333333333334	F      	35
349	14.0	14.833333333333334	M      	32
350	15.0	15.833333333333334	M      	32
351	16.0	16.833333333333332	M      	26
352	17.0	17.833333333333332	M      	25
353	18.0	18.833333333333332	M      	29
354	14.0	14.833333333333334	F      	32
355	15.0	15.833333333333334	F      	23
356	16.0	16.833333333333332	F      	24
357	17.0	17.833333333333332	F      	20
358	18.0	18.833333333333332	F      	9
359	15.0	16.833333333333332	Th      	13
360	14.0	14.833333333333334	M      	38
361	16.0	16.833333333333332	M      	37
362	14.0	14.833333333333334	W      	35
363	15.0	15.833333333333334	W      	37
364	16.0	16.833333333333332	W      	38
365	13.0	13.833333333333334	MWF    	28
366	19.0	19.833333333333332	W      	38
367	14.0	14.833333333333334	F      	38
368	9.0	9.833333333333334	M      	22
369	10.0	10.833333333333334	M      	32
370	11.0	11.833333333333334	M      	29
371	12.0	12.833333333333334	M      	28
372	17.0	17.833333333333332	W      	34
373	18.0	18.833333333333332	W      	30
374	19.0	19.833333333333332	W      	24
375	12.5	13.833333333333334	TuTh     	58
376	17.0	18.333333333333332	TuTh     	56
377	14.0	14.833333333333334	M      	39
378	15.0	15.833333333333334	M      	37
379	11.0	11.833333333333334	MWF    	11
380	13.0	13.833333333333334	MWF    	7
381	10.0	10.833333333333334	MWF    	11
382	14.0	14.833333333333334	MWF    	8
383	11.0	11.833333333333334	MW     	12
384	13.0	13.833333333333334	MW     	7
385	10.0	10.833333333333334	MWF    	12
386	11.0	11.833333333333334	MWF    	11
387	15.0	15.833333333333334	MWF    	10
388	9.0	9.833333333333334	MWF    	8
389	12.0	12.833333333333334	MWF    	12
390	10.0	10.833333333333334	MW     	10
391	12.0	12.833333333333334	MW     	11
392	11.0	11.833333333333334	MW     	11
393	13.0	13.833333333333334	MW     	10
394	10.0	10.833333333333334	MW     	9
395	14.0	14.833333333333334	MW     	8
396	11.0	11.833333333333334	MW     	10
397	9.5	10.833333333333334	TuTh     	16
398	14.0	15.333333333333334	TuTh     	15
399	11.0	11.833333333333334	F      	33
400	16.0	16.833333333333332	M      	53
401	9.0	9.833333333333334	W      	55
402	16.0	16.833333333333332	M      	56
403	14.0	14.833333333333334	W      	59
404	12.0	12.833333333333334	F      	58
405	11.0	11.833333333333334	M      	44
406	9.0	9.833333333333334	W      	51
407	10.0	10.833333333333334	W      	57
408	13.0	13.833333333333334	F      	52
409	15.0	15.833333333333334	W      	17
410	13.0	13.833333333333334	F      	15
411	13.0	13.833333333333334	M      	48
412	14.0	14.833333333333334	F      	46
413	9.0	9.833333333333334	M      	59
414	10.0	10.833333333333334	M      	59
415	16.0	16.833333333333332	W      	58
416	11.0	11.833333333333334	F      	57
417	12.0	12.833333333333334	F      	58
418	14.0	14.833333333333334	M      	47
419	9.0	9.833333333333334	M      	50
420	10.0	10.833333333333334	M      	54
421	14.0	14.833333333333334	W      	52
422	15.0	15.833333333333334	W      	47
423	9.0	9.833333333333334	F      	50
424	15.0	15.833333333333334	M      	29
425	9.0	9.833333333333334	W      	27
426	13.0	13.833333333333334	F      	24
427	14.0	14.833333333333334	F      	34
428	13.0	13.833333333333334	M      	26
429	11.0	11.833333333333334	W      	26
430	15.0	15.833333333333334	W      	23
431	14.0	15.333333333333334	TuTh     	16
432	10.0	10.833333333333334	W      	12
433	14.0	14.833333333333334	MWF    	13
434	13.0	13.833333333333334	W      	29
435	14.0	15.333333333333334	TuTh     	38
436	17.0	18.333333333333332	TuTh     	41
437	13.0	13.833333333333334	M      	41
438	9.0	9.833333333333334	M      	24
439	17.0	17.833333333333332	Tu      	24
440	17.0	17.833333333333332	Th      	23
441	9.0	9.833333333333334	F      	27
442	16.0	16.833333333333332	M      	27
443	13.0	13.833333333333334	W      	28
444	12.0	14.833333333333334	M      	18
445	15.0	17.833333333333332	M      	13
446	12.5	15.333333333333334	Tu      	18
447	15.0	17.833333333333332	W      	15
448	17.0	19.833333333333332	M      	17
449	14.5	18.5	M      	4
450	14.5	18.5	W      	4
451	14.5	18.5	W      	3
452	17.0	19.833333333333332	Tu      	94
453	17.0	18.333333333333332	MW     	61
454	9.5	10.833333333333334	TuTh     	42
455	12.5	13.833333333333334	TuTh     	24
456	14.0	14.833333333333334	MWF    	60
457	10.0	10.833333333333334	MWF    	27
458	17.0	18.333333333333332	MW     	63
459	16.0	18.833333333333332	M      	31
460	13.0	13.833333333333334	MWF    	21
461	15.5	16.833333333333332	TuTh     	50
462	14.0	15.333333333333334	TuTh     	23
463	11.0	11.833333333333334	MWF    	16
464	9.5	10.833333333333334	TuTh     	10
465	11.0	12.333333333333334	TuTh     	14
466	12.5	13.833333333333334	TuTh     	39
467	15.5	18.333333333333332	Th      	13
468	15.0	17.833333333333332	W      	5
469	9.0	10.833333333333334	Th      	45
470	11.0	12.833333333333334	Th      	44
471	13.0	14.833333333333334	Th      	38
472	15.0	16.833333333333332	Th      	44
473	17.0	18.833333333333332	Th      	44
474	19.0	20.833333333333332	Th      	29
475	15.0	16.833333333333332	W      	46
476	17.0	18.833333333333332	W      	39
477	19.0	20.833333333333332	W      	31
478	9.0	10.833333333333334	W      	19
479	20.0	20.833333333333332	Tu      	139
480	20.0	20.833333333333332	Th      	137
481	9.0	9.833333333333334	W      	42
482	10.0	10.833333333333334	W      	46
483	11.0	11.833333333333334	W      	46
484	8.0	8.833333333333334	F      	54
485	15.0	15.833333333333334	M      	90
486	12.0	12.833333333333334	W      	82
487	8.0	8.833333333333334	F      	50
488	14.0	14.833333333333334	F      	92
489	16.0	16.833333333333332	W      	52
490	9.0	11.833333333333334	W      	68
491	12.0	14.833333333333334	W      	67
492	9.0	11.833333333333334	W      	53
493	12.0	14.833333333333334	W      	61
494	11.0	12.333333333333334	TuTh     	25
495	15.0	15.833333333333334	M      	125
496	16.0	16.833333333333332	M      	88
497	19.0	19.833333333333332	Tu      	72
498	10.0	10.833333333333334	MWF    	129
499	17.0	17.833333333333332	F      	86
500	17.0	18.333333333333332	TuTh     	53
501	17.0	18.333333333333332	MW     	126
502	17.0	17.833333333333332	W      	28
503	14.0	14.833333333333334	M      	20
504	16.0	16.833333333333332	F      	92
505	17.0	17.833333333333332	F      	102
506	16.0	16.833333333333332	M      	67
507	16.0	16.833333333333332	W      	67
508	16.0	16.833333333333332	M      	135
509	19.0	19.833333333333332	M      	123
510	20.0	20.833333333333332	M      	37
511	20.0	20.833333333333332	Tu      	45
512	9.5	10.833333333333334	TuTh     	103
513	11.0	11.833333333333334	W      	12
514	12.0	12.833333333333334	W      	11
515	13.0	13.833333333333334	W      	11
516	15.5	16.833333333333332	TuTh     	59
517	17.0	18.333333333333332	TuTh     	38
518	8.0	9.333333333333334	TuTh     	49
519	9.5	10.833333333333334	TuTh     	26
520	11.0	11.833333333333334	W      	8
521	15.0	17.833333333333332	W      	6
522	11.0	11.833333333333334	W      	22
523	12.0	12.833333333333334	W      	22
524	13.0	13.833333333333334	W      	29
525	14.0	14.833333333333334	W      	25
526	10.0	11.833333333333334	W      	15
527	11.0	12.333333333333334	TuTh     	19
528	10.0	10.833333333333334	MWF    	5
529	10.0	12.833333333333334	W      	6
530	10.0	10.833333333333334	M      	11
531	11.0	11.833333333333334	M      	12
532	12.0	12.833333333333334	M      	10
533	13.0	13.833333333333334	M      	13
534	10.0	10.833333333333334	W      	11
535	11.0	11.833333333333334	W      	9
536	13.0	13.833333333333334	W      	14
537	18.0	18.833333333333332	M      	16
538	19.0	19.833333333333332	M      	16
539	14.0	14.833333333333334	W      	16
540	15.0	15.833333333333334	M      	14
541	17.0	17.833333333333332	M      	16
542	18.0	18.833333333333332	M      	11
543	12.0	12.833333333333334	W      	15
544	13.0	13.833333333333334	W      	13
545	15.0	15.833333333333334	W      	16
546	17.0	17.833333333333332	W      	13
547	14.0	14.833333333333334	Tu      	15
548	15.0	15.833333333333334	Tu      	13
549	18.0	18.833333333333332	Tu      	15
550	19.0	19.833333333333332	Tu      	16
551	8.0	8.833333333333334	Th      	14
552	10.0	10.833333333333334	Th      	15
553	16.0	16.833333333333332	Tu      	15
554	18.0	18.833333333333332	Tu      	15
555	19.0	19.833333333333332	Tu      	14
556	16.0	16.833333333333332	Th      	15
557	19.0	19.833333333333332	Th      	10
558	9.0	9.833333333333334	Tu      	14
559	10.0	10.833333333333334	Tu      	12
560	11.0	11.833333333333334	Tu      	15
561	12.0	12.833333333333334	Tu      	12
562	9.0	9.833333333333334	Th      	12
563	10.0	10.833333333333334	Th      	16
564	11.0	11.833333333333334	Th      	16
565	12.0	12.833333333333334	Th      	13
566	14.0	14.833333333333334	Th      	16
567	9.0	9.833333333333334	MW     	15
568	11.0	11.833333333333334	MW     	15
569	14.0	14.833333333333334	MW     	15
570	16.0	16.833333333333332	MW     	14
571	17.0	17.833333333333332	MW     	15
572	18.0	18.833333333333332	MW     	13
573	8.0	8.833333333333334	TuTh     	12
574	10.0	10.833333333333334	TuTh     	15
575	11.0	11.833333333333334	TuTh     	15
576	12.0	12.833333333333334	TuTh     	14
577	13.0	13.833333333333334	TuTh     	14
578	14.0	14.833333333333334	TuTh     	14
579	16.0	16.833333333333332	TuTh     	15
580	19.0	19.833333333333332	TuTh     	15
581	19.0	19.833333333333332	TuTh     	15
582	12.0	12.833333333333334	TuTh     	10
583	15.0	15.833333333333334	TuTh     	10
584	14.0	14.833333333333334	WF     	10
585	14.0	15.833333333333334	MW     	27
586	8.5	9.833333333333334	MW     	29
587	10.0	11.333333333333334	TuTh     	32
588	8.5	9.833333333333334	MW     	21
589	10.0	11.333333333333334	MW     	32
590	8.5	9.833333333333334	TuTh     	34
591	16.0	17.333333333333332	MW     	30
592	8.5	9.833333333333334	TuTh     	32
593	12.0	13.833333333333334	MW     	12
594	12.0	13.833333333333334	TuTh     	21
595	10.0	11.833333333333334	MW     	23
596	10.0	11.833333333333334	TuTh     	18
597	12.0	13.833333333333334	MWF    	15
598	14.0	15.833333333333334	TuTh     	32
599	16.0	17.333333333333332	TuTh     	9
600	10.0	11.333333333333334	MW     	36
601	12.0	13.333333333333334	TuTh     	36
602	12.5	13.833333333333334	TuTh     	49
603	12.0	13.833333333333334	TuTh     	8
604	14.0	14.833333333333334	M      	79
605	15.0	15.833333333333334	M      	82
606	12.0	12.833333333333334	F      	78
607	13.0	13.833333333333334	F      	74
608	15.0	15.833333333333334	F      	76
609	16.0	16.833333333333332	F      	74
610	17.0	17.833333333333332	F      	83
611	18.0	18.833333333333332	F      	72
612	8.0	8.833333333333334	W      	78
613	9.0	9.833333333333334	W      	82
614	15.0	15.833333333333334	W      	79
615	12.0	12.833333333333334	F      	83
616	17.0	17.833333333333332	Th      	75
617	18.0	18.833333333333332	Th      	63
618	19.0	19.833333333333332	Th      	49
619	20.0	20.833333333333332	Th      	15
620	14.0	14.833333333333334	M      	60
621	13.0	13.833333333333334	W      	59
622	16.0	16.833333333333332	F      	50
623	16.0	16.833333333333332	MWF    	197
624	17.0	17.833333333333332	W      	62
625	18.0	18.833333333333332	W      	65
626	19.0	19.833333333333332	W      	62
627	20.0	20.833333333333332	W      	63
628	17.0	17.833333333333332	W      	60
629	18.0	18.833333333333332	W      	63
630	19.0	19.833333333333332	W      	50
631	20.0	20.833333333333332	W      	28
632	17.0	17.833333333333332	Tu      	13
633	10.0	10.833333333333334	Tu      	17
634	18.0	18.833333333333332	M      	72
635	19.0	19.833333333333332	M      	53
636	16.0	16.833333333333332	F      	40
637	17.0	17.833333333333332	F      	18
638	19.0	19.833333333333332	Tu      	87
639	20.0	20.833333333333332	Tu      	54
640	20.0	20.833333333333332	Th      	51
641	19.0	19.833333333333332	Tu      	59
642	20.0	20.833333333333332	Tu      	41
643	19.0	19.833333333333332	W      	67
644	20.0	20.833333333333332	W      	64
645	16.0	16.833333333333332	M      	92
646	17.0	17.833333333333332	M      	78
647	14.0	15.333333333333334	TuTh     	122
648	9.5	10.833333333333334	TuTh     	14
649	18.0	18.833333333333332	M      	131
650	19.0	19.833333333333332	W      	123
651	20.0	20.833333333333332	W      	66
652	19.0	19.833333333333332	Tu      	70
653	20.0	20.833333333333332	Tu      	67
654	19.0	19.833333333333332	Th      	61
655	12.5	13.833333333333334	TuTh     	14
656	17.0	19.833333333333332	W      	49
657	11.0	12.333333333333334	TuTh     	45
658	9.5	10.833333333333334	TuTh     	77
659	19.0	19.833333333333332	Th      	161
660	20.0	20.833333333333332	Th      	70
661	18.0	18.833333333333332	W      	137
662	19.0	19.833333333333332	W      	103
663	14.0	14.833333333333334	F      	135
664	15.0	15.833333333333334	F      	71
665	18.0	18.833333333333332	W      	29
666	19.0	19.833333333333332	W      	9
667	15.0	15.833333333333334	MWF    	40
668	8.0	8.833333333333334	MWF    	163
669	17.0	19.833333333333332	M      	10
670	15.0	16.833333333333332	Th      	3
671	15.0	16.833333333333332	Tu      	12
672	12.0	12.833333333333334	Tu      	19
673	13.0	13.833333333333334	W      	19
674	16.0	16.833333333333332	W      	19
675	17.0	17.833333333333332	Th      	17
676	9.0	9.833333333333334	F      	17
677	12.0	12.833333333333334	F      	9
678	15.5	16.833333333333332	TuTh     	20
679	15.0	17.833333333333332	F      	45
680	17.0	19.833333333333332	Tu      	5
681	19.0	19.833333333333332	M      	43
682	17.5	18.333333333333332	Th      	15
683	17.5	18.333333333333332	Th      	12
684	17.5	18.333333333333332	Th      	10
685	14.5	15.333333333333334	Tu      	28
686	18.0	18.833333333333332	W      	17
687	18.0	18.833333333333332	W      	9
688	9.0	9.833333333333334	M      	18
689	13.0	13.833333333333334	Th      	14
690	9.0	9.833333333333334	F      	16
691	11.0	11.833333333333334	F      	23
692	15.0	15.833333333333334	Th      	22
693	10.0	10.833333333333334	F      	17
694	14.0	14.833333333333334	Th      	12
695	13.0	13.833333333333334	F      	15
696	15.0	15.833333333333334	M      	15
697	16.0	16.833333333333332	M      	15
698	14.0	14.833333333333334	Tu      	13
699	15.0	15.833333333333334	Tu      	10
700	16.0	16.833333333333332	F      	94
701	17.0	17.833333333333332	F      	42
702	18.0	18.833333333333332	F      	38
703	17.0	19.833333333333332	M      	20
704	15.5	18.5	M      	25
705	19.0	10.0	M      	24
706	19.0	10.0	Tu      	13
707	15.5	18.5	M      	30
708	19.0	10.0	M      	31
709	15.5	18.5	W      	30
710	19.0	10.0	W      	25
711	19.0	10.0	Tu      	27
712	8.5	11.5	W      	21
713	12.0	15.0	M      	28
714	14.0	14.833333333333334	F      	92
715	12.0	15.0	M      	27
716	15.5	18.5	M      	21
717	19.0	10.0	Tu      	24
718	12.0	15.0	W      	24
719	12.0	15.0	M      	22
720	15.5	18.5	M      	19
721	19.0	10.0	M      	9
722	15.5	18.5	Tu      	29
723	19.0	10.0	Tu      	14
724	12.0	15.0	W      	23
725	15.5	18.5	W      	12
726	9.0	9.833333333333334	F      	77
727	13.0	13.833333333333334	F      	92
728	10.0	10.833333333333334	MWF    	49
729	16.0	16.833333333333332	M      	14
730	16.0	16.833333333333332	W      	15
731	14.0	14.833333333333334	W      	44
732	9.0	12.0	M      	18
733	17.0	20.0	M      	18
734	9.0	12.0	W      	11
735	11.0	12.333333333333334	TuTh     	12
736	14.0	14.833333333333334	W      	56
737	14.0	14.833333333333334	F      	38
738	8.0	8.833333333333334	F      	13
739	18.0	18.833333333333332	W      	65
740	17.0	18.333333333333332	MW     	64
741	15.0	15.833333333333334	F      	70
742	20.0	20.833333333333332	Tu      	52
743	14.0	15.333333333333334	TuTh     	109
744	18.5	19.833333333333332	MW     	37
745	12.5	13.833333333333334	TuTh     	34
746	15.0	17.833333333333332	MW     	25
747	18.0	20.833333333333332	MW     	22
748	14.0	15.833333333333334	F      	18
749	17.0	18.833333333333332	Tu      	33
750	17.0	18.833333333333332	Th      	25
751	12.5	13.833333333333334	TuTh     	51
752	13.0	13.833333333333334	MWF    	48
753	14.0	14.833333333333334	MWF    	45
754	15.0	16.833333333333332	M      	7
755	14.0	15.833333333333334	Tu      	10
756	11.0	12.833333333333334	W      	11
757	15.0	16.833333333333332	W      	5
758	15.0	16.833333333333332	W      	6
759	16.0	17.833333333333332	W      	7
760	14.5	16.333333333333332	Tu      	4
761	18.0	19.833333333333332	M      	11
762	17.0	17.833333333333332	W      	17
763	15.0	15.833333333333334	F      	19
764	13.0	13.833333333333334	W      	28
765	14.0	14.833333333333334	W      	28
766	9.0	9.833333333333334	W      	34
767	10.0	10.833333333333334	F      	35
768	11.0	11.833333333333334	F      	35
769	9.0	9.833333333333334	M      	18
770	10.0	10.833333333333334	M      	20
771	14.0	14.833333333333334	M      	16
772	9.0	9.833333333333334	W      	17
773	10.0	10.833333333333334	W      	21
774	10.0	10.833333333333334	W      	17
775	9.0	9.833333333333334	F      	18
776	12.0	12.833333333333334	F      	20
777	14.0	14.833333333333334	F      	20
778	15.0	15.833333333333334	F      	18
779	14.0	14.833333333333334	F      	18
780	15.0	15.833333333333334	F      	17
781	16.0	16.833333333333332	Tu      	25
782	12.5	13.833333333333334	TuTh     	34
783	14.0	14.833333333333334	MWF    	26
784	14.0	15.333333333333334	TuTh     	20
785	15.5	16.833333333333332	TuTh     	14
786	17.0	18.333333333333332	TuTh     	24
787	9.5	10.833333333333334	TuTh     	43
788	12.0	12.833333333333334	MWF    	21
789	8.0	9.333333333333334	TuTh     	8
790	10.0	10.833333333333334	MWF    	12
791	18.5	19.833333333333332	TuTh     	17
792	12.0	13.833333333333334	F      	15
793	10.0	11.833333333333334	F      	15
794	14.0	15.833333333333334	M      	9
795	12.0	14.833333333333334	Tu      	10
796	12.0	12.833333333333334	MWF    	43
797	17.0	18.333333333333332	TuTh     	38
798	15.5	16.833333333333332	TuTh     	83
799	15.0	15.833333333333334	MWF    	63
800	14.0	15.333333333333334	TuTh     	61
801	17.0	18.333333333333332	MW     	52
802	15.5	16.833333333333332	TuTh     	38
803	12.0	14.833333333333334	W      	10
804	14.0	14.833333333333334	MWF    	62
805	17.0	19.833333333333332	Tu      	42
806	12.5	15.333333333333334	Th      	2
807	12.5	13.833333333333334	TuTh     	68
808	15.5	16.833333333333332	TuTh     	129
809	11.0	11.833333333333334	MWF    	75
810	8.0	9.333333333333334	TuTh     	36
811	9.5	10.833333333333334	TuTh     	63
812	14.0	14.833333333333334	MWF    	32
813	8.0	9.333333333333334	TuTh     	29
814	14.0	14.833333333333334	F      	31
815	15.0	15.833333333333334	F      	32
816	10.0	10.833333333333334	W      	32
817	11.0	11.833333333333334	W      	30
818	16.0	16.833333333333332	F      	31
819	11.0	11.833333333333334	Tu      	29
820	14.0	14.833333333333334	W      	28
821	17.0	17.833333333333332	M      	25
822	9.0	9.833333333333334	W      	29
823	17.0	17.833333333333332	F      	24
824	9.0	9.833333333333334	M      	24
825	10.0	10.833333333333334	M      	25
826	9.0	9.833333333333334	W      	18
827	10.0	10.833333333333334	W      	30
828	9.0	9.833333333333334	F      	23
829	10.0	10.833333333333334	F      	29
830	8.0	8.833333333333334	W      	22
831	9.0	9.833333333333334	W      	28
832	17.0	17.833333333333332	Th      	25
833	18.0	18.833333333333332	Th      	18
834	11.0	11.833333333333334	M      	31
835	12.0	12.833333333333334	M      	30
836	14.0	14.833333333333334	M      	30
837	15.0	15.833333333333334	M      	29
838	9.0	9.833333333333334	W      	31
839	10.0	10.833333333333334	W      	30
840	15.0	15.833333333333334	W      	27
841	9.5	10.833333333333334	TuTh     	15
842	9.0	9.833333333333334	MWF    	14
843	11.0	11.833333333333334	MWF    	13
844	10.0	10.833333333333334	MWF    	38
845	14.0	14.833333333333334	W      	28
846	12.0	12.833333333333334	W      	25
847	13.0	13.833333333333334	W      	29
848	13.0	13.833333333333334	W      	28
849	14.0	14.833333333333334	W      	26
850	14.0	14.833333333333334	W      	25
851	15.0	15.833333333333334	W      	26
852	10.0	10.833333333333334	Th      	24
853	11.0	11.833333333333334	Th      	28
854	9.0	9.833333333333334	F      	28
855	10.0	10.833333333333334	F      	28
856	12.0	12.833333333333334	F      	26
857	13.0	13.833333333333334	F      	27
858	14.0	14.833333333333334	Th      	24
859	15.0	15.833333333333334	Th      	29
860	13.0	13.833333333333334	F      	23
861	14.0	14.833333333333334	F      	17
862	16.0	16.833333333333332	Th      	16
863	17.0	17.833333333333332	Th      	19
864	10.0	10.833333333333334	F      	25
865	11.0	11.833333333333334	F      	24
866	12.0	12.833333333333334	F      	28
867	13.0	13.833333333333334	F      	22
868	9.5	12.333333333333334	Tu      	15
869	15.0	17.833333333333332	W      	17
870	9.0	11.833333333333334	F      	8
871	9.5	10.833333333333334	TuTh     	34
872	9.5	10.833333333333334	TuTh     	33
873	9.5	10.833333333333334	TuTh     	34
874	11.0	12.333333333333334	TuTh     	33
875	12.5	13.833333333333334	TuTh     	33
876	12.5	13.833333333333334	TuTh     	33
877	14.0	15.333333333333334	TuTh     	34
878	15.5	16.833333333333332	TuTh     	34
879	15.5	16.833333333333332	TuTh     	34
880	17.0	18.333333333333332	TuTh     	31
881	17.0	18.333333333333332	TuTh     	32
882	8.0	9.333333333333334	TuTh     	24
883	9.5	10.833333333333334	TuTh     	24
884	12.5	13.833333333333334	TuTh     	23
885	14.0	15.333333333333334	TuTh     	24
886	15.5	16.833333333333332	TuTh     	24
887	17.0	18.333333333333332	TuTh     	23
888	9.5	10.833333333333334	TuTh     	18
889	12.5	13.833333333333334	TuTh     	9
890	14.0	15.333333333333334	TuTh     	9
891	12.5	13.833333333333334	TuTh     	7
892	9.0	9.833333333333334	TuTh     	10
893	10.0	10.833333333333334	TuTh     	8
894	11.0	11.833333333333334	W      	6
895	9.0	9.833333333333334	MWF    	9
896	10.0	10.833333333333334	MWF    	9
897	11.0	11.833333333333334	MWF    	11
898	12.0	12.833333333333334	MWF    	13
899	12.5	13.833333333333334	TuTh     	24
900	14.0	15.333333333333334	TuTh     	21
901	10.0	10.833333333333334	MWF    	13
902	9.5	10.833333333333334	TuTh     	26
903	9.0	9.833333333333334	MWF    	68
904	12.5	13.833333333333334	TuTh     	201
905	14.0	15.333333333333334	TuTh     	111
906	10.0	10.833333333333334	MWF    	66
907	11.0	12.333333333333334	TuTh     	21
908	11.0	11.833333333333334	MWF    	31
909	9.5	10.833333333333334	TuTh     	18
910	12.5	13.833333333333334	TuTh     	20
911	9.5	10.833333333333334	TuTh     	38
912	11.0	12.333333333333334	TuTh     	23
913	9.5	10.833333333333334	TuTh     	19
914	15.5	16.833333333333332	TuTh     	11
915	9.5	10.833333333333334	TuTh     	17
916	14.0	15.333333333333334	TuTh     	17
917	14.0	15.333333333333334	TuTh     	12
918	12.5	13.833333333333334	TuTh     	16
919	11.0	12.333333333333334	TuTh     	16
920	9.0	9.833333333333334	MWF    	12
921	10.0	10.833333333333334	MWF    	11
922	11.0	11.833333333333334	MWF    	11
923	12.0	12.833333333333334	MWF    	10
924	9.5	10.833333333333334	TuTh     	21
925	11.0	12.333333333333334	TuTh     	24
926	10.0	10.833333333333334	MWF    	13
927	13.0	13.833333333333334	MWF    	12
928	11.0	12.333333333333334	TuTh     	27
929	15.5	16.833333333333332	TuTh     	11
930	12.0	12.833333333333334	MWF    	8
931	14.0	15.333333333333334	TuTh     	8
932	8.0	8.833333333333334	MWF    	14
933	9.0	9.833333333333334	MWF    	12
934	10.0	10.833333333333334	MWF    	11
935	11.0	11.833333333333334	MWF    	12
936	12.0	12.833333333333334	MWF    	13
937	13.0	13.833333333333334	MWF    	10
938	14.0	14.833333333333334	MWF    	12
939	15.0	15.833333333333334	MWF    	13
940	16.0	16.833333333333332	MWF    	12
941	9.0	9.833333333333334	MWF    	6
942	13.0	13.833333333333334	MWF    	11
943	9.5	10.833333333333334	TuTh     	29
944	11.0	12.333333333333334	TuTh     	32
945	12.5	13.833333333333334	TuTh     	31
946	14.0	15.333333333333334	TuTh     	34
947	8.0	8.833333333333334	MWF    	14
948	9.0	9.833333333333334	MWF    	13
949	10.0	10.833333333333334	MWF    	13
950	11.0	11.833333333333334	MWF    	11
951	12.0	12.833333333333334	MWF    	14
952	14.0	14.833333333333334	MWF    	14
953	15.0	15.833333333333334	MWF    	14
954	16.0	16.833333333333332	MWF    	11
955	9.5	10.833333333333334	TuTh     	27
956	11.0	12.333333333333334	TuTh     	31
957	12.5	13.833333333333334	TuTh     	32
958	14.0	15.333333333333334	TuTh     	27
959	15.5	16.833333333333332	TuTh     	32
960	8.0	8.833333333333334	MWF    	11
961	9.0	9.833333333333334	MWF    	15
962	9.0	9.833333333333334	MWF    	14
963	10.0	10.833333333333334	MWF    	15
964	11.0	11.833333333333334	MWF    	14
965	12.0	12.833333333333334	MWF    	15
966	13.0	13.833333333333334	MWF    	15
967	13.0	13.833333333333334	MWF    	13
968	14.0	14.833333333333334	MWF    	10
969	15.0	15.833333333333334	MWF    	14
970	16.0	16.833333333333332	MWF    	13
971	8.0	9.333333333333334	TuTh     	32
972	9.5	10.833333333333334	TuTh     	28
973	12.5	13.833333333333334	TuTh     	31
974	14.0	15.333333333333334	TuTh     	32
975	15.5	16.833333333333332	TuTh     	26
976	17.0	18.333333333333332	TuTh     	27
977	12.0	12.833333333333334	MW     	8
978	13.0	13.833333333333334	MW     	7
979	14.0	14.833333333333334	MW     	10
980	8.0	8.833333333333334	MWF    	14
981	9.0	9.833333333333334	MWF    	12
982	10.0	10.833333333333334	MWF    	11
983	11.0	11.833333333333334	MWF    	12
984	12.0	12.833333333333334	MWF    	13
985	13.0	13.833333333333334	MWF    	10
986	14.0	14.833333333333334	MWF    	12
987	15.0	15.833333333333334	MWF    	13
988	16.0	16.833333333333332	MWF    	12
989	9.0	9.833333333333334	MWF    	6
990	13.0	13.833333333333334	MWF    	11
991	9.5	10.833333333333334	TuTh     	29
992	11.0	12.333333333333334	TuTh     	32
993	12.5	13.833333333333334	TuTh     	31
994	14.0	15.333333333333334	TuTh     	34
995	8.0	8.833333333333334	MWF    	14
996	9.0	9.833333333333334	MWF    	13
997	10.0	10.833333333333334	MWF    	13
998	11.0	11.833333333333334	MWF    	11
999	12.0	12.833333333333334	MWF    	14
1000	14.0	14.833333333333334	MWF    	14
1001	15.0	15.833333333333334	MWF    	14
1002	16.0	16.833333333333332	MWF    	11
1003	9.5	10.833333333333334	TuTh     	27
1004	11.0	12.333333333333334	TuTh     	31
1005	12.5	13.833333333333334	TuTh     	32
1006	14.0	15.333333333333334	TuTh     	27
1007	15.5	16.833333333333332	TuTh     	32
1008	8.0	8.833333333333334	MWF    	11
1009	9.0	9.833333333333334	MWF    	15
1010	9.0	9.833333333333334	MWF    	14
1011	10.0	10.833333333333334	MWF    	15
1012	11.0	11.833333333333334	MWF    	14
1013	12.0	12.833333333333334	MWF    	15
1014	13.0	13.833333333333334	MWF    	15
1015	13.0	13.833333333333334	MWF    	13
1016	14.0	14.833333333333334	MWF    	10
1017	15.0	15.833333333333334	MWF    	14
1018	16.0	16.833333333333332	MWF    	13
1019	8.0	9.333333333333334	TuTh     	32
1020	9.5	10.833333333333334	TuTh     	28
1021	12.5	13.833333333333334	TuTh     	31
1022	14.0	15.333333333333334	TuTh     	32
1023	15.5	16.833333333333332	TuTh     	26
1024	17.0	18.333333333333332	TuTh     	27
1025	12.0	12.833333333333334	MW     	8
1026	13.0	13.833333333333334	MW     	7
1027	14.0	14.833333333333334	MW     	10
1028	9.0	9.833333333333334	Tu      	17
1029	10.0	10.833333333333334	Tu      	13
1030	14.0	14.833333333333334	MWF    	16
1031	15.5	16.833333333333332	TuTh     	10
1032	8.5	9.333333333333334	Th      	19
1033	11.0	12.333333333333334	TuTh     	9
1034	12.0	12.833333333333334	Tu      	17
1035	11.0	11.833333333333334	MWF    	5
1036	8.0	8.833333333333334	MWF    	13
1037	9.0	9.833333333333334	MWF    	12
1038	10.0	10.833333333333334	MWF    	11
1039	11.0	11.833333333333334	MWF    	12
1040	12.0	12.833333333333334	MWF    	11
1041	13.0	13.833333333333334	MWF    	13
1042	12.0	12.833333333333334	MWF    	8
1043	11.0	12.333333333333334	TuTh     	28
1044	12.5	13.833333333333334	TuTh     	22
1045	14.0	15.333333333333334	TuTh     	29
1046	12.0	12.833333333333334	MWF    	12
1047	13.0	13.833333333333334	MWF    	13
1048	14.0	14.833333333333334	MWF    	12
1049	11.0	12.333333333333334	TuTh     	26
1050	12.5	13.833333333333334	TuTh     	10
1051	9.0	9.833333333333334	MWF    	13
1052	10.0	10.833333333333334	MWF    	13
1053	11.0	11.833333333333334	MWF    	13
1054	14.0	14.833333333333334	MWF    	13
1055	9.5	10.833333333333334	TuTh     	22
1056	12.5	13.833333333333334	TuTh     	30
1057	9.0	9.833333333333334	TuTh     	27
1058	10.0	10.833333333333334	TuTh     	26
1059	11.0	11.833333333333334	TuTh     	25
1060	12.0	12.833333333333334	TuTh     	22
1061	13.0	13.833333333333334	TuTh     	26
1062	14.0	14.833333333333334	TuTh     	25
1063	15.0	15.833333333333334	TuTh     	21
1064	15.0	15.833333333333334	TuTh     	19
1065	13.0	13.833333333333334	TuTh     	24
1066	14.0	14.833333333333334	TuTh     	24
1067	16.0	16.833333333333332	TuTh     	24
1068	17.0	17.833333333333332	MTuWTh   	14
1069	15.0	15.833333333333334	MWF    	27
1070	11.0	11.833333333333334	MWF    	32
1071	12.0	12.833333333333334	MWF    	16
1072	14.0	14.833333333333334	MWF    	9
1073	11.0	11.833333333333334	MW     	16
1074	13.0	13.833333333333334	MW     	22
1075	15.5	16.333333333333332	TuTh     	5
1076	13.0	13.833333333333334	MWF    	7
1077	11.0	11.833333333333334	Tu      	15
1078	12.0	12.833333333333334	Tu      	20
1079	11.0	11.833333333333334	Tu      	12
1080	11.0	11.833333333333334	Th      	19
1081	12.0	12.833333333333334	Th      	20
1082	13.0	13.833333333333334	MWF    	20
1083	10.0	10.833333333333334	MWF    	24
1084	9.0	9.833333333333334	MWF    	15
1085	11.0	11.833333333333334	MWF    	13
1086	11.0	12.333333333333334	TuTh     	15
1087	12.5	13.833333333333334	TuTh     	16
1088	9.5	10.833333333333334	TuTh     	11
1089	13.0	13.833333333333334	F      	26
1090	10.0	10.833333333333334	W      	31
1091	11.0	11.833333333333334	W      	29
1092	10.0	10.833333333333334	M      	19
1093	11.0	11.833333333333334	M      	17
1094	13.0	13.833333333333334	M      	28
1095	9.5	10.833333333333334	TuTh     	15
1096	12.5	13.833333333333334	TuTh     	11
1097	14.0	15.333333333333334	MW     	17
1098	11.0	12.333333333333334	TuTh     	22
1099	12.5	13.833333333333334	MW     	9
1100	9.5	10.833333333333334	TuTh     	13
1101	10.0	10.833333333333334	Th      	29
1102	11.0	11.833333333333334	Th      	30
1103	9.0	9.833333333333334	Th      	17
1104	10.0	10.833333333333334	F      	29
1105	11.0	11.833333333333334	F      	31
1106	12.0	12.833333333333334	F      	31
1107	13.0	13.833333333333334	F      	33
1108	10.0	10.833333333333334	MWF    	12
1109	18.5	19.833333333333332	TuTh     	21
1110	17.0	18.333333333333332	TuTh     	12
1111	17.0	19.833333333333332	M      	20
1112	11.0	11.833333333333334	MWF    	25
1113	15.5	16.833333333333332	TuTh     	52
1114	12.5	13.833333333333334	TuTh     	20
1115	15.0	15.833333333333334	Th      	15
1116	12.0	12.833333333333334	MWF    	47
1117	11.0	11.833333333333334	W      	18
1118	14.0	14.833333333333334	W      	16
1119	15.5	16.833333333333332	TuTh     	17
1120	14.0	15.333333333333334	TuTh     	14
1121	11.0	12.333333333333334	TuTh     	59
1122	17.0	19.833333333333332	F      	17
1123	12.5	13.833333333333334	TuTh     	13
1124	9.0	9.833333333333334	W      	26
1125	13.0	13.833333333333334	Tu      	28
1126	14.0	14.833333333333334	Tu      	29
1127	14.0	14.833333333333334	Tu      	30
1128	9.0	9.833333333333334	W      	29
1129	13.0	13.833333333333334	W      	29
1130	10.0	10.833333333333334	M      	30
1131	11.0	11.833333333333334	M      	30
1132	14.0	14.833333333333334	M      	30
1133	15.0	15.833333333333334	Tu      	30
1134	16.0	16.833333333333332	Tu      	29
1135	15.0	15.833333333333334	W      	29
1136	9.0	9.833333333333334	Tu      	30
1137	10.0	10.833333333333334	Tu      	30
1138	11.0	11.833333333333334	Tu      	30
1139	8.0	8.833333333333334	W      	30
1140	11.0	11.833333333333334	W      	30
1141	12.0	12.833333333333334	M      	29
1142	10.0	10.833333333333334	W      	26
1143	11.0	11.833333333333334	W      	21
1144	10.0	10.833333333333334	W      	24
1145	11.0	11.833333333333334	W      	16
1146	11.0	11.833333333333334	M      	26
1147	12.0	12.833333333333334	M      	29
1148	12.0	12.833333333333334	M      	29
1149	13.0	13.833333333333334	M      	28
1150	14.0	14.833333333333334	M      	28
1151	15.0	15.833333333333334	M      	27
1152	11.0	11.833333333333334	W      	25
1153	12.0	12.833333333333334	W      	27
1154	12.0	12.833333333333334	Tu      	28
1155	13.0	13.833333333333334	Tu      	28
1156	14.0	14.833333333333334	Tu      	29
1157	15.0	15.833333333333334	Tu      	23
1158	9.0	9.833333333333334	Tu      	24
1159	10.0	10.833333333333334	Tu      	30
1160	11.0	11.833333333333334	Tu      	29
1161	10.0	10.833333333333334	Tu      	26
1162	11.0	11.833333333333334	Tu      	26
1163	16.0	16.833333333333332	W      	23
1164	12.0	12.833333333333334	W      	30
1165	13.0	13.833333333333334	W      	28
1166	14.0	14.833333333333334	W      	23
1167	15.0	15.833333333333334	W      	28
1168	17.0	17.833333333333332	Th      	35
1169	17.0	17.833333333333332	Th      	35
1170	18.0	18.833333333333332	Th      	31
1171	19.0	19.833333333333332	Th      	30
1172	20.0	20.833333333333332	Th      	32
1173	14.0	14.833333333333334	Tu      	35
1174	16.0	16.833333333333332	Tu      	35
1175	18.0	18.833333333333332	Tu      	34
1176	19.0	19.833333333333332	Tu      	36
1177	20.0	20.833333333333332	Tu      	35
1178	21.0	21.833333333333332	Tu      	35
1179	18.0	18.833333333333332	Tu      	30
1180	21.0	21.833333333333332	Tu      	31
1181	13.0	13.833333333333334	Tu      	35
1182	14.0	14.833333333333334	Tu      	33
1183	15.0	15.833333333333334	Tu      	37
1184	16.0	16.833333333333332	Tu      	34
1185	17.0	17.833333333333332	Tu      	35
1186	18.0	18.833333333333332	Tu      	32
1187	19.0	19.833333333333332	Tu      	30
1188	20.0	20.833333333333332	Tu      	24
1189	14.0	14.833333333333334	Th      	33
1190	15.0	15.833333333333334	Th      	35
1191	16.0	16.833333333333332	Th      	35
1192	17.0	17.833333333333332	Th      	33
1193	18.0	18.833333333333332	Th      	35
1194	19.0	19.833333333333332	Th      	31
1195	20.0	20.833333333333332	Th      	33
1196	21.0	21.833333333333332	Th      	29
1197	20.0	20.833333333333332	Th      	20
1198	14.0	14.833333333333334	Th      	30
1199	19.0	19.833333333333332	Th      	32
1200	20.0	20.833333333333332	Th      	23
1201	21.0	21.833333333333332	Th      	31
1202	14.0	14.833333333333334	Tu      	35
1203	15.0	15.833333333333334	Tu      	36
1204	17.0	17.833333333333332	Tu      	36
1205	19.0	19.833333333333332	Tu      	34
1206	20.0	20.833333333333332	Tu      	38
1207	21.0	21.833333333333332	Tu      	35
1208	16.0	16.833333333333332	Tu      	27
1209	17.0	17.833333333333332	Tu      	33
1210	18.0	18.833333333333332	Tu      	27
1211	19.0	19.833333333333332	Tu      	30
1212	20.0	20.833333333333332	Tu      	31
1213	21.0	21.833333333333332	Tu      	27
1214	16.0	16.833333333333332	Th      	31
1215	17.0	17.833333333333332	Th      	32
1216	18.0	18.833333333333332	Th      	31
1217	19.0	19.833333333333332	Th      	32
1218	16.0	16.833333333333332	Th      	32
1219	17.0	17.833333333333332	Th      	30
1220	18.0	18.833333333333332	Th      	34
1221	19.0	19.833333333333332	Th      	30
1222	20.0	20.833333333333332	Th      	33
1223	21.0	21.833333333333332	Th      	29
1224	9.0	9.833333333333334	Th      	32
1225	10.0	10.833333333333334	Th      	31
1226	12.0	12.833333333333334	Th      	30
1227	8.0	8.833333333333334	Th      	37
1228	12.0	12.833333333333334	Th      	37
1229	14.0	14.833333333333334	Th      	22
1230	15.0	15.833333333333334	Th      	28
1231	16.0	16.833333333333332	Th      	23
1232	18.0	18.833333333333332	Th      	26
1233	19.0	19.833333333333332	Th      	27
1234	15.0	15.833333333333334	Th      	35
1235	18.0	18.833333333333332	Th      	33
1236	19.0	19.833333333333332	Th      	33
1237	20.0	20.833333333333332	Th      	38
1238	21.0	21.833333333333332	Th      	33
1239	16.0	16.833333333333332	Th      	23
1240	17.0	17.833333333333332	Th      	25
1241	17.0	17.833333333333332	Tu      	36
1242	18.0	18.833333333333332	Tu      	36
1243	19.0	19.833333333333332	Tu      	36
1244	20.0	20.833333333333332	Tu      	35
1245	21.0	21.833333333333332	Tu      	31
1246	19.0	19.833333333333332	Tu      	34
1247	20.0	20.833333333333332	Tu      	35
1248	16.0	16.833333333333332	Tu      	36
1249	17.0	17.833333333333332	Tu      	37
1250	18.0	18.833333333333332	Tu      	35
1251	16.0	16.833333333333332	Tu      	32
1252	17.0	17.833333333333332	Tu      	36
1253	18.0	18.833333333333332	Tu      	35
1254	19.0	19.833333333333332	Tu      	33
1255	21.0	21.833333333333332	Tu      	34
1256	20.0	20.833333333333332	Tu      	34
1257	16.0	16.833333333333332	Tu      	32
1258	17.0	17.833333333333332	Tu      	31
1259	18.0	18.833333333333332	Tu      	20
1260	17.0	17.833333333333332	W      	31
1261	18.0	18.833333333333332	W      	20
1262	19.0	19.833333333333332	W      	17
1263	17.0	17.833333333333332	W      	28
1264	17.0	17.833333333333332	W      	34
1265	19.0	19.833333333333332	W      	36
1266	20.0	20.833333333333332	W      	30
1267	18.0	18.833333333333332	W      	34
1268	19.0	19.833333333333332	W      	29
1269	20.0	20.833333333333332	W      	28
1270	20.0	20.833333333333332	W      	11
1271	17.0	17.833333333333332	W      	31
1272	18.0	18.833333333333332	W      	31
1273	19.0	19.833333333333332	W      	32
1274	20.0	20.833333333333332	W      	32
1275	18.0	18.833333333333332	W      	34
1276	19.0	19.833333333333332	W      	35
1277	18.0	18.833333333333332	W      	30
1278	19.0	19.833333333333332	W      	31
1279	17.0	17.833333333333332	W      	29
1280	18.0	18.833333333333332	W      	34
1281	19.0	19.833333333333332	W      	35
1282	20.0	20.833333333333332	W      	33
1283	17.0	17.833333333333332	W      	34
1284	18.0	18.833333333333332	W      	32
1285	19.0	19.833333333333332	W      	33
1286	20.0	20.833333333333332	W      	31
1287	20.0	20.833333333333332	W      	23
1288	19.0	19.833333333333332	M      	35
1289	17.0	17.833333333333332	M      	36
1290	21.0	21.833333333333332	M      	36
1291	17.0	17.833333333333332	M      	35
1292	18.0	18.833333333333332	M      	33
1293	19.0	19.833333333333332	M      	38
1294	20.0	20.833333333333332	M      	38
1295	17.0	17.833333333333332	M      	38
1296	18.0	18.833333333333332	M      	36
1297	19.0	19.833333333333332	M      	38
1298	20.0	20.833333333333332	M      	38
1299	20.0	20.833333333333332	M      	34
1300	19.0	19.833333333333332	M      	34
1301	20.0	20.833333333333332	M      	35
1302	19.0	19.833333333333332	M      	34
1303	18.0	18.833333333333332	M      	29
1304	19.0	19.833333333333332	M      	34
1305	8.0	8.833333333333334	Tu      	26
1306	9.0	9.833333333333334	Tu      	6
1307	10.0	10.833333333333334	Tu      	15
1308	11.0	11.833333333333334	Tu      	23
1309	8.0	8.833333333333334	Tu      	36
1310	9.0	9.833333333333334	Tu      	35
1311	10.0	10.833333333333334	Tu      	36
1312	12.0	12.833333333333334	Tu      	31
1313	15.0	15.833333333333334	Tu      	37
1314	16.0	16.833333333333332	Tu      	33
1315	19.0	19.833333333333332	Tu      	31
1316	16.0	16.833333333333332	Tu      	34
1317	17.0	17.833333333333332	Tu      	31
1318	18.0	18.833333333333332	Tu      	33
1319	19.0	19.833333333333332	Tu      	28
1320	20.0	20.833333333333332	Tu      	14
1321	21.0	21.833333333333332	Tu      	10
1322	20.0	20.833333333333332	Tu      	14
1323	21.0	21.833333333333332	Tu      	17
1324	17.0	17.833333333333332	F      	35
1325	18.0	18.833333333333332	F      	35
1326	19.0	19.833333333333332	F      	31
1327	19.0	19.833333333333332	F      	35
1328	18.0	18.833333333333332	F      	32
1329	19.0	19.833333333333332	F      	36
1330	17.0	17.833333333333332	F      	29
1331	18.0	18.833333333333332	F      	28
1332	19.0	19.833333333333332	F      	26
1333	20.0	20.833333333333332	F      	21
1334	16.0	16.833333333333332	F      	30
1335	17.0	17.833333333333332	F      	31
1336	9.0	9.833333333333334	Th      	29
1337	10.0	10.833333333333334	Th      	22
1338	15.0	16.833333333333332	W      	14
1339	13.0	13.833333333333334	M      	16
1340	13.0	14.833333333333334	W      	11
1341	14.0	14.833333333333334	Tu      	27
1342	15.0	15.833333333333334	Tu      	22
1343	9.0	9.833333333333334	Th      	26
1344	10.0	10.833333333333334	Th      	23
1345	16.0	16.833333333333332	Th      	32
1346	17.0	17.833333333333332	Th      	33
1347	18.0	18.833333333333332	Th      	22
1348	19.0	19.833333333333332	Th      	27
1349	13.0	13.833333333333334	Tu      	32
1350	14.0	14.833333333333334	Tu      	29
1351	16.0	16.833333333333332	Tu      	31
1352	14.0	14.833333333333334	Th      	36
1353	15.0	15.833333333333334	Th      	34
1354	20.0	20.833333333333332	Th      	34
1355	17.0	17.833333333333332	Tu      	22
1356	18.0	18.833333333333332	Tu      	18
1357	8.0	8.833333333333334	Tu      	28
1358	9.0	9.833333333333334	Tu      	31
1359	10.0	10.833333333333334	Tu      	26
1360	12.0	12.833333333333334	Th      	37
1361	19.0	19.833333333333332	Th      	26
1362	19.0	19.833333333333332	Th      	25
1363	16.0	16.833333333333332	Th      	12
1364	17.0	17.833333333333332	Th      	16
1365	18.0	18.833333333333332	Th      	11
1366	20.0	20.833333333333332	Tu      	30
1367	19.0	19.833333333333332	Tu      	28
1368	14.0	14.833333333333334	Th      	30
1369	9.0	9.833333333333334	Tu      	29
1370	10.0	10.833333333333334	Tu      	29
1371	11.0	11.833333333333334	Tu      	22
1372	12.0	12.833333333333334	Tu      	21
1373	19.0	19.833333333333332	Tu      	34
1374	20.0	20.833333333333332	Tu      	27
1375	8.0	8.833333333333334	Th      	23
1376	9.0	9.833333333333334	Th      	22
1377	8.0	8.833333333333334	Th      	28
1378	18.0	18.833333333333332	Th      	36
1379	19.0	19.833333333333332	Th      	31
1380	19.0	19.833333333333332	Th      	38
1381	20.0	20.833333333333332	Th      	39
1382	20.0	20.833333333333332	Th      	34
1383	21.0	21.833333333333332	Th      	30
1384	20.0	20.833333333333332	M      	26
1385	20.0	20.833333333333332	Tu      	30
1386	21.0	21.833333333333332	Tu      	24
1387	20.0	20.833333333333332	Tu      	21
1388	21.0	21.833333333333332	Tu      	23
1389	18.0	18.833333333333332	Tu      	31
1390	20.0	20.833333333333332	Tu      	30
1391	17.0	17.833333333333332	Tu      	28
1392	18.0	18.833333333333332	Tu      	29
1393	12.0	12.833333333333334	Tu      	36
1394	13.0	13.833333333333334	Tu      	36
1395	18.0	18.833333333333332	Tu      	34
1396	19.0	19.833333333333332	Tu      	34
1397	19.0	19.833333333333332	Tu      	36
1398	20.0	20.833333333333332	Tu      	35
1399	16.0	16.833333333333332	Th      	31
1400	17.0	17.833333333333332	Th      	36
1401	18.0	18.833333333333332	Th      	20
1402	19.0	19.833333333333332	Th      	33
1403	16.0	16.833333333333332	F      	33
1404	17.0	17.833333333333332	F      	30
1405	18.0	18.833333333333332	F      	19
1406	13.0	13.833333333333334	Tu      	31
1407	18.0	18.833333333333332	Th      	31
1408	12.0	12.833333333333334	Tu      	34
1409	9.0	10.833333333333334	W      	19
1410	9.0	10.833333333333334	F      	18
1411	9.0	10.833333333333334	M      	13
1412	12.5	14.333333333333334	Th      	19
1413	11.0	13.833333333333334	Tu      	23
1414	14.5	17.333333333333332	Tu      	21
1415	9.0	11.833333333333334	W      	22
1416	14.0	16.833333333333332	W      	22
1417	11.0	13.833333333333334	Th      	20
1418	9.0	11.833333333333334	F      	22
1419	14.0	16.833333333333332	F      	21
1420	14.0	15.833333333333334	Th      	17
1421	18.5	19.333333333333332	Tu      	171
1422	11.0	12.333333333333334	TuTh     	94
1423	14.5	16.333333333333332	F      	6
1424	15.5	16.833333333333332	TuTh     	171
1425	8.0	8.833333333333334	MWF    	104
1426	13.0	13.833333333333334	MWF    	205
1427	10.0	10.833333333333334	MWF    	22
1428	9.0	9.833333333333334	M      	58
1429	9.5	10.833333333333334	TuTh     	66
1430	10.0	10.833333333333334	MWF    	81
1431	14.0	15.333333333333334	TuTh     	50
1432	19.0	20.833333333333332	MW     	63
1433	7.5	9.333333333333334	TuTh     	179
1434	12.5	15.333333333333334	Tu      	9
1435	8.5	11.333333333333334	W      	9
1436	12.5	15.333333333333334	W      	9
1437	19.0	19.833333333333332	M      	26
1438	9.5	12.333333333333334	Tu      	11
1439	13.0	15.833333333333334	Tu      	23
1440	9.5	12.333333333333334	Th      	6
1441	13.0	15.833333333333334	Th      	22
1442	9.0	11.833333333333334	F      	23
1443	12.5	15.333333333333334	F      	22
1444	13.0	15.833333333333334	Tu      	12
1445	9.0	11.833333333333334	W      	21
1446	12.5	15.333333333333334	W      	23
1447	19.0	20.333333333333332	TuTh     	57
1448	17.5	18.833333333333332	MTh     	22
1449	13.0	13.833333333333334	MWF    	15
1450	12.5	13.833333333333334	MW     	13
1451	14.0	15.333333333333334	MW     	14
1452	9.5	10.833333333333334	MW     	14
1453	17.0	18.333333333333332	MW     	13
1454	8.0	9.333333333333334	TuTh     	14
1455	11.0	12.333333333333334	TuTh     	12
1456	14.0	15.333333333333334	MW     	14
1457	10.0	10.833333333333334	MW     	22
1458	11.0	11.833333333333334	WF     	23
1459	9.0	9.833333333333334	MW     	25
1460	10.0	10.833333333333334	MW     	33
1461	11.0	11.833333333333334	W      	11
1462	12.0	12.833333333333334	W      	14
1463	11.0	11.833333333333334	Th      	9
1464	12.0	12.833333333333334	Th      	6
1465	10.0	10.833333333333334	M      	35
1466	12.0	12.833333333333334	W      	34
1467	12.0	12.833333333333334	M      	21
1468	10.0	10.833333333333334	F      	22
1469	9.0	9.833333333333334	M      	24
1470	10.0	10.833333333333334	M      	23
1471	11.0	11.833333333333334	W      	23
1472	12.0	12.833333333333334	W      	21
1473	12.0	12.833333333333334	F      	22
1474	13.0	13.833333333333334	F      	19
1475	11.0	11.833333333333334	M      	33
1476	12.0	12.833333333333334	M      	32
1477	12.0	12.833333333333334	W      	30
1478	13.0	13.833333333333334	W      	31
1479	11.0	11.833333333333334	F      	31
1480	10.0	10.833333333333334	M      	32
1481	11.0	11.833333333333334	M      	33
1482	9.0	9.833333333333334	W      	32
1483	10.0	10.833333333333334	W      	35
1484	13.0	13.833333333333334	W      	31
1485	9.0	9.833333333333334	F      	34
1486	10.0	10.833333333333334	F      	33
1487	14.0	16.833333333333332	W      	18
1488	11.0	11.833333333333334	M      	57
1489	17.0	18.833333333333332	Th      	11
1490	19.0	21.833333333333332	W      	13
1491	18.5	21.333333333333332	Tu      	39
1492	18.5	21.333333333333332	Tu      	241
1493	18.5	21.333333333333332	Th      	142
1494	14.0	15.333333333333334	TuTh     	17
1495	14.0	15.333333333333334	WF     	14
1496	19.0	21.833333333333332	Th      	27
1497	17.0	19.833333333333332	W      	57
1498	9.0	9.833333333333334	MWF    	31
1499	9.5	10.833333333333334	TuTh     	3
1500	14.0	16.833333333333332	W      	4
1501	11.0	12.333333333333334	TuTh     	42
1502	12.0	12.833333333333334	MWF    	135
1503	11.0	11.833333333333334	W      	22
1504	18.5	19.833333333333332	TuTh     	99
1505	14.0	16.833333333333332	Th      	28
1506	19.0	21.833333333333332	MW     	5
1507	12.5	13.833333333333334	TuTh     	20
1508	11.0	11.833333333333334	M      	24
1509	17.0	17.833333333333332	Th      	73
1510	14.0	15.333333333333334	TuTh     	10
1511	11.0	12.333333333333334	TuTh     	40
1512	14.0	15.333333333333334	TuTh     	57
1513	12.5	13.833333333333334	TuTh     	50
1514	15.5	16.833333333333332	TuTh     	45
1515	19.0	19.833333333333332	M      	85
1516	12.5	13.833333333333334	TuTh     	16
1517	17.0	18.333333333333332	MW     	33
1518	14.0	14.833333333333334	M      	50
1519	15.0	15.833333333333334	M      	51
1520	14.0	14.833333333333334	W      	54
1521	15.0	15.833333333333334	W      	51
1522	11.0	11.833333333333334	F      	52
1523	12.0	12.833333333333334	F      	54
1524	15.0	15.833333333333334	F      	53
1525	15.0	15.833333333333334	F      	23
1526	14.0	14.833333333333334	M      	17
1527	15.0	15.833333333333334	M      	15
1528	14.0	14.833333333333334	W      	17
1529	15.0	15.833333333333334	W      	22
1530	17.0	17.833333333333332	Th      	19
1531	11.0	11.833333333333334	F      	15
1532	13.0	13.833333333333334	M      	31
1533	14.0	14.833333333333334	M      	29
1534	15.0	15.833333333333334	M      	28
1535	10.0	10.833333333333334	W      	25
1536	11.0	11.833333333333334	W      	31
1537	16.0	16.833333333333332	W      	28
1538	11.0	11.833333333333334	F      	18
1539	12.0	12.833333333333334	F      	29
1540	13.0	13.833333333333334	M      	31
1541	14.0	14.833333333333334	M      	26
1542	15.0	15.833333333333334	M      	28
1543	9.0	9.833333333333334	W      	34
1544	11.0	11.833333333333334	W      	30
1545	16.0	16.833333333333332	W      	28
1546	11.0	11.833333333333334	F      	30
1547	12.0	12.833333333333334	F      	30
1548	17.0	18.333333333333332	TuTh     	56
1549	13.0	13.833333333333334	Th      	13
1550	12.0	12.833333333333334	M      	17
1551	10.0	10.833333333333334	MWF    	29
1552	11.0	12.333333333333334	TuTh     	8
1553	17.0	18.333333333333332	MW     	37
1554	11.0	11.833333333333334	MWF    	25
1555	12.5	13.833333333333334	TuTh     	16
1556	14.0	15.333333333333334	TuTh     	38
1557	11.0	12.333333333333334	TuTh     	23
1558	13.0	13.833333333333334	MWF    	20
1559	17.0	18.333333333333332	TuTh     	19
1560	13.0	13.833333333333334	MWF    	31
1561	11.0	11.833333333333334	MWF    	27
1562	17.0	18.333333333333332	MW     	5
1563	10.0	11.833333333333334	F      	4
1564	12.0	12.833333333333334	M      	46
1565	13.0	13.833333333333334	M      	19
1566	14.0	14.833333333333334	M      	17
1567	17.0	17.833333333333332	Th      	86
1568	14.0	15.333333333333334	MW     	6
1569	16.0	16.833333333333332	W      	100
1570	13.0	13.833333333333334	W      	37
1571	14.0	15.333333333333334	TuTh     	12
1572	11.0	11.833333333333334	W      	18
1573	12.0	12.833333333333334	W      	31
1574	18.0	18.833333333333332	Th      	31
1575	19.0	19.833333333333332	Th      	33
1576	10.0	10.833333333333334	F      	33
1577	13.0	13.833333333333334	W      	31
1578	14.0	14.833333333333334	W      	30
1579	18.0	18.833333333333332	Th      	31
1580	19.0	19.833333333333332	Th      	18
1581	12.0	12.833333333333334	F      	28
1582	13.0	13.833333333333334	F      	27
1583	13.0	13.833333333333334	W      	32
1584	9.0	9.833333333333334	F      	31
1585	10.0	10.833333333333334	F      	30
1586	11.0	11.833333333333334	F      	28
1587	14.0	14.833333333333334	W      	31
1588	10.0	10.833333333333334	W      	30
1589	11.0	11.833333333333334	W      	19
1590	9.0	9.833333333333334	F      	20
1591	10.0	10.833333333333334	F      	13
1592	12.0	12.833333333333334	W      	34
1593	14.0	14.833333333333334	W      	30
1594	17.0	17.833333333333332	W      	28
1595	11.0	11.833333333333334	F      	33
1596	12.0	12.833333333333334	F      	28
1597	13.0	13.833333333333334	F      	24
1598	11.0	12.333333333333334	TuTh     	147
1599	12.5	13.833333333333334	TuTh     	124
1600	18.0	20.833333333333332	M      	111
1601	14.0	15.333333333333334	TuTh     	86
1602	15.5	16.833333333333332	TuTh     	77
1603	11.0	11.833333333333334	MWF    	11
1604	17.0	19.833333333333332	Tu      	67
1605	17.0	19.833333333333332	Th      	98
1606	10.0	10.833333333333334	MWF    	42
1607	11.0	12.333333333333334	TuTh     	56
1608	14.0	14.833333333333334	MWF    	82
1609	17.0	19.833333333333332	M      	57
1610	15.5	16.833333333333332	TuTh     	129
1611	11.0	12.333333333333334	TuTh     	76
1612	10.0	10.833333333333334	MWF    	53
1613	11.0	11.833333333333334	MWF    	84
1614	15.0	15.833333333333334	MWF    	82
1615	15.0	15.833333333333334	MWF    	56
1616	18.5	19.833333333333332	MW     	14
1617	14.0	15.333333333333334	TuTh     	92
1618	11.0	11.833333333333334	MWF    	25
1619	12.0	14.833333333333334	W      	8
1620	15.5	16.833333333333332	TuTh     	378
1621	17.0	19.833333333333332	Tu      	296
1622	16.0	16.833333333333332	MWF    	290
1623	16.0	16.833333333333332	Tu      	33
1624	9.0	9.833333333333334	W      	31
1625	10.0	10.833333333333334	W      	34
1626	12.0	12.833333333333334	W      	32
1627	13.0	13.833333333333334	Th      	32
1628	10.0	10.833333333333334	F      	32
1629	11.0	11.833333333333334	F      	33
1630	13.0	13.833333333333334	Tu      	22
1631	11.0	11.833333333333334	W      	25
1632	13.0	13.833333333333334	W      	27
1633	14.0	14.833333333333334	W      	26
1634	17.0	17.833333333333332	Th      	30
1635	16.0	16.833333333333332	Th      	25
1636	9.0	9.833333333333334	F      	30
1637	9.0	9.833333333333334	Tu      	9
1638	10.0	10.833333333333334	Tu      	25
1639	9.0	9.833333333333334	W      	23
1640	12.0	12.833333333333334	Th      	24
1641	15.5	16.833333333333332	TuTh     	263
1642	12.5	13.833333333333334	TuTh     	302
1643	9.5	10.833333333333334	TuTh     	321
1644	17.0	19.833333333333332	Th      	176
1645	17.0	19.833333333333332	W      	123
1646	14.0	15.333333333333334	TuTh     	251
1647	17.0	19.833333333333332	M      	116
1648	17.0	19.833333333333332	W      	157
1649	10.0	10.833333333333334	MWF    	87
1650	12.5	13.833333333333334	TuTh     	88
1651	14.0	14.833333333333334	MWF    	73
1652	17.0	19.833333333333332	W      	221
1653	17.0	18.333333333333332	TuTh     	165
1654	9.5	10.833333333333334	TuTh     	98
1655	18.0	20.833333333333332	M      	151
1656	18.5	19.833333333333332	TuTh     	152
1657	14.0	15.333333333333334	TuTh     	24
1658	17.0	19.833333333333332	W      	26
1659	15.0	15.833333333333334	MWF    	13
1660	11.0	12.333333333333334	TuTh     	36
1661	13.0	13.833333333333334	M      	17
1662	16.0	16.833333333333332	W      	21
1663	17.0	17.833333333333332	W      	20
1664	18.0	18.833333333333332	W      	17
1665	14.0	14.833333333333334	F      	20
1666	9.0	9.833333333333334	F      	12
1667	10.0	10.833333333333334	F      	4
1668	15.5	16.833333333333332	Tu      	20
1669	17.0	17.833333333333332	M      	31
1670	15.0	15.833333333333334	W      	31
1671	16.0	16.833333333333332	W      	31
1672	12.0	12.833333333333334	M      	27
1673	9.0	9.833333333333334	Th      	25
1674	10.0	10.833333333333334	Th      	29
1675	12.0	12.833333333333334	M      	21
1676	16.0	16.833333333333332	W      	23
1677	17.0	17.833333333333332	W      	26
1678	11.0	12.833333333333334	Th      	16
1679	14.0	14.833333333333334	M      	20
1680	15.0	15.833333333333334	M      	21
1681	9.0	9.833333333333334	F      	21
1682	10.0	10.833333333333334	F      	24
1683	15.0	15.833333333333334	Th      	21
1684	16.0	16.833333333333332	Th      	9
1685	10.0	10.833333333333334	MWF    	8
1686	13.0	15.833333333333334	M      	25
1687	14.0	16.333333333333332	Th      	8
1688	14.0	16.833333333333332	Tu      	8
1689	12.5	13.833333333333334	TuTh     	106
1690	16.0	16.833333333333332	MWF    	13
1691	12.0	12.833333333333334	MWF    	32
1692	17.0	18.333333333333332	TuTh     	10
1693	15.5	16.833333333333332	TuTh     	69
1694	9.5	10.833333333333334	TuTh     	71
1695	12.5	13.833333333333334	TuTh     	61
1696	17.0	19.833333333333332	M      	81
1697	18.5	19.833333333333332	TuTh     	32
1698	15.5	16.833333333333332	TuTh     	27
1699	9.0	9.833333333333334	MWF    	43
1700	9.0	9.833333333333334	MWF    	39
1701	11.0	12.333333333333334	TuTh     	37
1702	13.0	13.833333333333334	MWF    	24
1703	11.0	11.833333333333334	MWF    	7
1704	14.0	15.333333333333334	TuTh     	6
1705	9.0	9.833333333333334	MWF    	9
1706	17.0	19.833333333333332	W      	47
1707	13.0	15.833333333333334	W      	7
1708	11.0	12.833333333333334	Tu      	19
1709	13.0	14.833333333333334	Tu      	18
1710	15.0	16.833333333333332	Tu      	16
1711	11.0	12.833333333333334	W      	20
1712	13.0	14.833333333333334	W      	20
1713	15.0	16.833333333333332	W      	19
1714	9.5	10.833333333333334	TuTh     	76
1715	10.0	10.833333333333334	MWF    	93
1716	8.0	9.333333333333334	TuTh     	103
1717	15.5	16.833333333333332	TuTh     	98
1718	9.0	9.833333333333334	MWF    	68
1719	10.0	11.833333333333334	F      	13
1720	13.0	14.833333333333334	F      	17
1721	16.0	16.833333333333332	W      	18
1722	18.5	20.333333333333332	TuTh     	81
1723	15.5	16.833333333333332	TuTh     	19
1724	12.5	13.833333333333334	TuTh     	19
1725	10.0	11.833333333333334	MW     	18
1726	12.0	13.833333333333334	TuTh     	10
1727	12.0	13.833333333333334	MW     	9
1728	9.0	10.833333333333334	M      	11
1729	17.5	10.333333333333334	MTuWThF  	4
1730	11.0	12.333333333333334	Tu      	16
1731	12.5	13.833333333333334	Tu      	14
1732	15.5	16.833333333333332	W      	19
1733	14.0	15.333333333333334	Th      	14
1734	15.5	16.833333333333332	Th      	19
1735	8.5	9.833333333333334	Tu      	13
1736	17.5	10.333333333333334	MTuWThF  	5
1737	9.0	11.833333333333334	M      	10
1738	11.0	13.833333333333334	Th      	12
1739	17.5	10.333333333333334	MTuWThF  	2
1740	10.0	11.833333333333334	TuTh     	19
1741	10.0	10.833333333333334	M      	18
1742	8.0	9.333333333333334	TuTh     	17
1743	8.0	9.333333333333334	TuTh     	18
1744	14.0	15.833333333333334	Th      	16
1745	10.0	10.833333333333334	MWF    	13
1746	11.0	12.333333333333334	TuTh     	17
1747	11.0	12.333333333333334	TuTh     	14
1748	10.0	10.833333333333334	M      	26
1749	13.0	13.833333333333334	W      	25
1750	13.0	13.833333333333334	W      	14
1751	14.0	14.833333333333334	W      	19
1752	15.0	15.833333333333334	W      	12
1753	16.0	16.833333333333332	W      	9
1754	17.0	17.833333333333332	W      	13
1755	9.0	9.833333333333334	W      	9
1756	10.0	10.833333333333334	W      	14
1757	11.0	11.833333333333334	W      	8
1758	14.0	14.833333333333334	Tu      	12
1759	9.5	10.333333333333334	Th      	9
1760	14.0	14.833333333333334	M      	2
1761	16.5	17.833333333333332	Th      	10
1762	10.0	10.833333333333334	W      	28
1763	11.0	11.833333333333334	W      	24
1764	12.0	12.833333333333334	W      	26
1765	13.0	13.833333333333334	W      	23
1766	14.0	15.333333333333334	TuTh     	15
1767	14.0	14.833333333333334	MWF    	19
1768	12.5	13.833333333333334	TuTh     	64
1769	9.0	9.833333333333334	MWF    	8
1770	17.0	19.833333333333332	Tu      	28
1771	16.0	16.833333333333332	W      	14
1772	17.0	17.833333333333332	W      	16
1773	14.0	16.833333333333332	Tu      	13
1774	14.0	16.833333333333332	M      	14
1775	12.0	13.833333333333334	MW     	22
1776	16.0	17.833333333333332	MW     	24
1777	8.0	9.833333333333334	MW     	21
1778	10.0	11.833333333333334	MW     	22
1779	12.0	13.833333333333334	MW     	24
1780	14.0	15.833333333333334	MW     	21
1781	16.0	17.833333333333332	MW     	21
1782	8.0	9.833333333333334	TuTh     	23
1783	8.0	9.833333333333334	TuTh     	22
1784	10.0	11.833333333333334	TuTh     	22
1785	14.0	15.833333333333334	TuTh     	22
1786	12.0	13.833333333333334	MW     	24
1787	11.0	11.833333333333334	M      	30
1788	12.0	12.833333333333334	M      	31
1789	12.5	13.333333333333334	Th      	31
1790	13.5	14.333333333333334	Th      	31
1791	12.0	14.833333333333334	W      	14
1792	12.0	14.833333333333334	M      	24
1793	12.0	14.833333333333334	F      	22
1794	8.0	9.833333333333334	MW     	20
1795	10.0	11.833333333333334	MW     	22
1796	14.0	15.833333333333334	MW     	24
1797	10.0	11.833333333333334	TuTh     	22
1798	15.5	17.333333333333332	TuTh     	19
1799	17.5	19.333333333333332	TuTh     	22
1800	12.0	14.833333333333334	M      	21
1801	12.0	14.833333333333334	M      	21
1802	9.5	12.333333333333334	Tu      	20
1803	9.5	12.333333333333334	Tu      	20
1804	9.0	10.333333333333334	MW     	20
1805	10.5	11.833333333333334	MW     	20
1806	12.5	13.833333333333334	TuTh     	19
1807	12.5	13.833333333333334	TuTh     	22
1808	8.0	9.833333333333334	W      	37
1809	9.0	10.833333333333334	Th      	38
1810	11.0	12.833333333333334	Th      	37
1811	15.0	17.833333333333332	W      	11
1812	12.5	14.333333333333334	Tu      	13
1813	12.0	14.833333333333334	MW     	19
1814	15.5	18.333333333333332	TuTh     	17
1815	12.5	15.333333333333334	Th      	12
1816	15.0	17.833333333333332	MW     	17
1817	12.5	15.333333333333334	TuTh     	13
1818	9.0	11.833333333333334	MW     	8
1819	14.0	15.333333333333334	TuTh     	23
1820	10.5	11.833333333333334	MW     	29
1821	11.0	12.333333333333334	TuTh     	28
1822	12.5	15.333333333333334	Tu      	23
1823	9.0	11.833333333333334	F      	17
1824	12.0	14.833333333333334	M      	21
1825	10.0	11.833333333333334	Tu      	20
1826	14.0	15.333333333333334	TuTh     	105
1827	12.0	14.833333333333334	W      	16
1828	15.0	17.833333333333332	MW     	20
1829	12.5	15.333333333333334	TuTh     	21
1830	16.0	16.833333333333332	M      	15
1831	17.0	17.833333333333332	M      	18
1832	9.0	9.833333333333334	F      	16
1833	10.0	10.833333333333334	F      	17
1834	11.0	11.833333333333334	F      	20
1835	16.0	16.833333333333332	Tu      	12
1836	9.0	9.833333333333334	W      	12
1837	13.0	13.833333333333334	F      	13
1838	16.0	17.833333333333332	Tu      	10
1839	9.5	10.833333333333334	MW     	14
1840	11.0	12.333333333333334	MW     	14
1841	14.0	15.333333333333334	MW     	13
1842	8.0	9.333333333333334	MW     	14
1843	14.0	15.333333333333334	MW     	14
1844	15.5	16.833333333333332	MW     	14
1845	8.0	9.333333333333334	TuTh     	13
1846	12.5	13.833333333333334	TuTh     	13
1847	14.0	15.333333333333334	TuTh     	13
1848	12.5	13.833333333333334	MW     	18
1849	15.5	16.833333333333332	MW     	19
1850	17.0	18.333333333333332	MW     	18
1851	11.0	12.333333333333334	TuTh     	18
1852	12.5	13.833333333333334	TuTh     	18
1853	14.0	15.333333333333334	TuTh     	17
